Area,AudienceType
Shibuya,"Teens, students, young professionals; trend-seekers; ideal for youth brands, tech, fashion, music."
Shinjuku,"Commuters, office workers, tourists, nightlife visitors; great for mass-market ads and services."
Harajuku,"Teen fashion subculture, influencers, tourists; strong for apparel, cosmetics, gaming."
Ginza,"Wealthy shoppers, executives, luxury tourists; ideal for high-end retail and premium services."
Roppongi,"International residents, expats, nightlife crowd; good for premium and global lifestyle brands."
Ikebukuro,"Students, office workers, female shoppers; strong for entertainment, fashion, daily retail."
Akihabara,"Gamers, tech lovers, otaku visitors, tourists; ideal for electronics, gaming, anime IP."
Odaiba,"Families, couples, mall visitors, tourists; good for family products, retail, entertainment."
Asakusa,"Traditional-culture tourists, seniors, families; strong for tourism, hospitality, food souvenirs."
Nakameguro,"Young affluent professionals, creatives; effective for lifestyle, wellness, boutique brands."
